{
    "__comment": "Fair warning, this format is highly likely to change even more in the future!",
    "textures": {
        "particle": "blocks/bed_feet_top",
        "top": "blocks/bed_feet_top",
        "bottom": "blocks/planks_oak",
        "end": "blocks/bed_feet_end",
        "side": "blocks/bed_feet_side"
    },
    "elements": [
        {   "from": [ -0.5, 5, -0.5 ],
            "to": [ 16.5, 9, 16 ],
            "faces": {
                "down":  { "uv": [ 0, 0, 16, 16 ], "texture": "#top" },
                "up":    { "uv": [ 16, 0, 0, 16 ], "texture": "#top", "rotation": 270 },
                "north": { "uv": [ 0, 7, 16, 11 ], "texture": "#end" },
                "west":  { "uv": [ 0, 7, 16, 11 ], "texture": "#side" },
                "east":  { "uv": [ 16, 7, 0, 11 ], "texture": "#side" }
            }
        },
       {   "__comment": "wood_foot",
            "from": [ 0, 3, 0 ],
            "to": [ 16, 5, 16 ],
            "faces": {
                "down":  { "uv": [ 0, 0, 16, 16 ], "texture": "#bottom" },
                "north": { "uv": [ 0, 11, 16, 13 ], "texture": "#end" },
                "west":  { "uv": [ 0, 11, 16, 13 ], "texture": "#side" },
                "east":  { "uv": [ 16, 11, 0, 13 ], "texture": "#side" }
			}
		},
		{   "__comment": "right_back",
            "from": [ 0, 0, 0 ],
            "to": [ 3, 3, 1 ],
            "faces": {
                "down":  { "uv": [ 0, 16, 3, 15 ], "texture": "#bottom" },
                "north": { "uv": [ 13, 16, 16, 13 ], "texture": "#end" },
                "west":  { "uv": [ 0, 16, 1, 13 ], "texture": "#side" },
				"south": { "uv": [ 0, 16, 3, 13 ], "texture": "#side" },
                "east":  { "uv": [ 0, 16, 1, 13 ], "texture": "#side" }
			}
		},
		{   "__comment": "right_side",
            "from": [ 0, 0, 1 ],
            "to": [ 1, 3, 3 ],
            "faces": {
                "down":  { "uv": [ 15, 15, 16, 13 ], "texture": "#bottom" },
                "west":  { "uv": [ 1, 16, 3, 13 ], "texture": "#side" },
				"south": { "uv": [ 0, 16, 1, 13 ], "texture": "#side" },
                "east":  { "uv": [ 0, 16, 2, 13 ], "texture": "#side" }
			}
		},
		{   "__comment": "left_back",
            "from": [ 13, 0, 0 ],
            "to": [ 16, 3, 1 ],
            "faces": {
                "down":  { "uv": [ 0, 16, 3, 15 ], "texture": "#bottom" },
                "north": { "uv": [ 0, 16, 3, 13 ], "texture": "#end" },
                "west":  { "uv": [ 0, 16, 1, 13 ], "texture": "#side" },
				"south": { "uv": [ 0, 16, 3, 13 ], "texture": "#side" },
                "east":  { "uv": [ 0, 16, 1, 13 ], "texture": "#side" }
			}
		},
		{   "__comment": "left_side",
            "from": [ 15, 0, 1 ],
            "to": [ 16, 3, 3 ],
            "faces": {
                "down":  { "uv": [ 15, 15, 16, 13 ], "texture": "#bottom" },
                "west":  { "uv": [ 1, 16, 3, 13 ], "texture": "#side" },
				"south": { "uv": [ 0, 16, 1, 13 ], "texture": "#side" },
                "east":  { "uv": [ 1, 16, 3, 13 ], "texture": "#side", "rotation": 180 }
			}
		}
    ]
}
