{
    "__comment": "Fair warning, this format is highly likely to change even more in the future!",
    "textures": {
        "top": "blocks/furnace_top",
		"particle": "blocks/furnace_front_on",
        "front": "blocks/furnace_front_on",
        "side": "blocks/furnace_side"
    },
	"elements": [
        {   
            "from": [ 0, 0, 1 ],
            "to": [ 16, 16, 16 ],
            "faces": {
                "down": {
                    "uv": [ 0, 0, 16, 15 ],
                    "texture": "#top"
                },
                "up": {
                    "uv": [ 0, 1, 16, 16 ],
                    "texture": "#top"
                },
                "north": {
                    "uv": [ 0, 0, 16, 16 ],
                    "texture": "#front"
                },
                "south": {
                    "uv": [ 0, 0, 16, 16 ],
                    "texture": "#side"
                },
                "west": {
                    "uv": [ 1, 0, 16, 16 ],
                    "texture": "#side"
                },
                "east": {
                    "uv": [ 0, 0, 15, 16 ],
                    "texture": "#side"
                }
            }
        },
        {   
            "from": [ 0, 12, 0 ],
            "to": [ 16, 16, 1 ],
            "faces": {
                "down": {
                    "uv": [ 0, 15, 16, 16 ],
                    "texture": "#top"
                },
                "up": {
                    "uv": [ 0, 0, 16, 1 ],
                    "texture": "#top"
                },
                "north": {
                    "uv": [ 0, 0, 16, 4 ],
                    "texture": "#front"
                },
                "south": {
                    "uv": [ 0, 0, 16, 16 ],
                    "texture": "#side"
                },
                "west": {
                    "uv": [ 0, 0, 1, 4 ],
                    "texture": "#side"
                },
                "east": {
                    "uv": [ 15, 0, 16, 4 ],
                    "texture": "#side"
                }
            }
        },
        {   
            "from": [ 0, 5, 0 ],
            "to": [ 16, 9, 1 ],
            "faces": {
                "down": {
                    "uv": [ 0, 15, 16, 16 ],
                    "texture": "#top"
                },
                "up": {
                    "uv": [ 0, 0, 16, 1 ],
                    "texture": "#top"
                },
                "north": {
                    "uv": [ 0, 7, 16, 11 ],
                    "texture": "#front"
                },
                "south": {
                    "uv": [ 0, 0, 16, 16 ],
                    "texture": "#side"
                },
                "west": {
                    "uv": [ 0, 7, 1, 11 ],
                    "texture": "#side"
                },
                "east": {
                    "uv": [ 15, 7, 16, 11 ],
                    "texture": "#side"
                }
            }
        },
        {   
            "from": [ 0, 0, 0 ],
            "to": [ 3, 3, 1 ],
            "faces": {
                "down": {
                    "uv": [ 0, 15, 3, 16 ],
                    "texture": "#top"
                },
                "up": {
                    "uv": [ 0, 0, 16, 1 ],
                    "texture": "#top"
                },
                "north": {
                    "uv": [ 13, 13, 16, 16 ],
                    "texture": "#front"
                },
                "south": {
                    "uv": [ 0, 0, 16, 16 ],
                    "texture": "#side"
                },
                "west": {
                    "uv": [ 0, 13, 1, 16 ],
                    "texture": "#side"
                },
                "east": {
                    "uv": [ 15, 13, 16, 16 ],
                    "texture": "#side"
                }
            }
        },
        {   
            "from": [ 0, 3, 0 ],
            "to": [ 4, 12, 1 ],
            "faces": {
                "down": {
                    "uv": [ 12, 15, 16, 16 ],
                    "texture": "#top"
                },
                "up": {
                    "uv": [ 0, 0, 16, 1 ],
                    "texture": "#top"
                },
                "north": {
                    "uv": [ 12, 4, 16, 13 ],
                    "texture": "#front"
                },
                "south": {
                    "uv": [ 0, 0, 16, 16 ],
                    "texture": "#side"
                },
                "west": {
                    "uv": [ 0, 4, 1, 13 ],
                    "texture": "#side"
                },
                "east": {
                    "uv": [ 15, 4, 16, 13 ],
                    "texture": "#side"
                }
            }
        },
        {   
            "from": [ 4, 11, 0 ],
            "to": [ 5, 12, 1 ],
            "faces": {
                "down": {
                    "uv": [ 4, 15, 5, 16 ],
                    "texture": "#top"
                },
                "up": {
                    "uv": [ 0, 0, 16, 1 ],
                    "texture": "#top"
                },
                "north": {
                    "uv": [ 11, 3, 12, 4 ],
                    "texture": "#front"
                },
                "south": {
                    "uv": [ 0, 0, 16, 16 ],
                    "texture": "#side"
                },
                "west": {
                    "uv": [ 0, 4, 1, 13 ],
                    "texture": "#side"
                },
                "east": {
                    "uv": [ 15, 7, 16, 8 ],
                    "texture": "#side"
                }
            }
        },
        {   
            "from": [ 4, 4, 0 ],
            "to": [ 6, 5, 1 ],
            "faces": {
                "down": {
                    "uv": [ 8, 15, 10, 16 ],
                    "texture": "#top"
                },
                "up": {
                    "uv": [ 0, 0, 16, 1 ],
                    "texture": "#top"
                },
                "north": {
                    "uv": [ 10, 11, 12, 12 ],
                    "texture": "#front"
                },
                "south": {
                    "uv": [ 0, 0, 16, 16 ],
                    "texture": "#side"
                },
                "west": {
                    "uv": [ 0, 4, 1, 13 ],
                    "texture": "#side"
                },
                "east": {
                    "uv": [ 15, 7, 16, 8 ],
                    "texture": "#side"
                }
            }
        },
        {   
            "from": [ 13, 0, 0 ],
            "to": [ 16, 12, 1 ],
            "faces": {
                "down": {
                    "uv": [ 13, 15, 16, 16 ],
                    "texture": "#top"
                },
                "up": {
                    "uv": [ 0, 0, 16, 1 ],
                    "texture": "#top"
                },
                "north": {
                    "uv": [ 0, 4, 3, 16 ],
                    "texture": "#front"
                },
                "south": {
                    "uv": [ 0, 0, 16, 16 ],
                    "texture": "#side"
                },
                "west": {
                    "uv": [ 0, 4, 1, 16 ],
                    "texture": "#side"
                },
                "east": {
                    "uv": [ 15, 4, 16, 16 ],
                    "texture": "#side"
                }
            }
        },
        {   
            "from": [ 12, 3, 0 ],
            "to": [ 13, 12, 1 ],
            "faces": {
                "down": {
                    "uv": [ 15, 15, 16, 16 ],
                    "texture": "#top"
                },
                "up": {
                    "uv": [ 0, 0, 16, 1 ],
                    "texture": "#top"
                },
                "north": {
                    "uv": [ 3, 4, 4, 13 ],
                    "texture": "#front"
                },
                "south": {
                    "uv": [ 0, 0, 16, 16 ],
                    "texture": "#side"
                },
                "west": {
                    "uv": [ 0, 4, 1, 13 ],
                    "texture": "#side"
                },
                "east": {
                    "uv": [ 15, 4, 16, 16 ],
                    "texture": "#side"
                }
            }
        },
        {   
            "from": [ 11, 11, 0 ],
            "to": [ 12, 12, 1 ],
            "faces": {
                "down": {
                    "uv": [ 15, 15, 16, 16 ],
                    "texture": "#top"
                },
                "up": {
                    "uv": [ 0, 0, 16, 1 ],
                    "texture": "#top"
                },
                "north": {
                    "uv": [ 4, 4, 5, 5 ],
                    "texture": "#front"
                },
                "south": {
                    "uv": [ 0, 0, 16, 16 ],
                    "texture": "#side"
                },
                "west": {
                    "uv": [ 0, 4, 1, 5 ],
                    "texture": "#side"
                },
                "east": {
                    "uv": [ 15, 4, 16, 16 ],
                    "texture": "#side"
                }
            }
        },
        {   
            "from": [ 10, 4, 0 ],
            "to": [ 12, 5, 1 ],
            "faces": {
                "down": {
                    "uv": [ 14, 15, 16, 16 ],
                    "texture": "#top"
                },
                "up": {
                    "uv": [ 0, 0, 16, 1 ],
                    "texture": "#top"
                },
                "north": {
                    "uv": [ 4, 11, 6, 12 ],
                    "texture": "#front"
                },
                "south": {
                    "uv": [ 0, 0, 16, 16 ],
                    "texture": "#side"
                },
                "west": {
                    "uv": [ 0, 4, 1, 5 ],
                    "texture": "#side"
                },
                "east": {
                    "uv": [ 15, 4, 16, 16 ],
                    "texture": "#side"
                }
            }
        },
        {   
            "from": [ 3, 0, 0 ],
            "to": [ 13, 0, 1 ],
			"faces": {
			"up": {
                    "uv": [ 3, 0, 13, 1 ],
                    "texture": "#top"
                }
            }
        }
    ]
}
